{
	"Version": 3,
	"FileReferences": {
		"Moc": "standalone-clock-auto.moc3",
		"Textures": [
			"standalone-clock-auto.4096/texture_00.png"
		],
		"UserData": "standalone-clock-auto.userdata3.json",
		"DisplayInfo": "standalone-clock-auto.cdi3.json",
		"Expressions": [
			{
				"Name": "number01",
				"File": "number01.exp3.json"
			},
			{
				"Name": "number02",
				"File": "number02.exp3.json"
			},
			{
				"Name": "number03",
				"File": "number03.exp3.json"
			},
			{
				"Name": "number04",
				"File": "number04.exp3.json"
			},
			{
				"Name": "number05",
				"File": "number05.exp3.json"
			},
			{
				"Name": "ClockVisible",
				"File": "clockvisible.exp3.json"
			}
		]
	},
	"Groups": [
		{
			"Target": "Parameter",
			"Name": "LipSync",
			"Ids": []
		},
		{
			"Target": "Parameter",
			"Name": "EyeBlink",
			"Ids": []
		}
	],
	"HitAreas": []
}