{
	"Version": 3,
	"Meta": {
		"UserDataCount": 32,
		"TotalUserDataSize": 404
	},
	"UserData": [
		{
			"Target": "ArtMesh",
			"Id": "digit4top",
			"Value": "clock display"
		},
		{
			"Target": "ArtMesh",
			"Id": "digit4topright",
			"Value": "clock display"
		},
		{
			"Target": "ArtMesh",
			"Id": "digit4topleft",
			"Value": "clock display"
		},
		{
			"Target": "ArtMesh",
			"Id": "digit4center",
			"Value": "clock display"
		},
		{
			"Target": "ArtMesh",
			"Id": "digit4bottomright",
			"Value": "clock display"
		},
		{
			"Target": "ArtMesh",
			"Id": "digit4bottomleft",
			"Value": "clock display"
		},
		{
			"Target": "ArtMesh",
			"Id": "digit4bottom",
			"Value": "clock display"
		},
		{
			"Target": "ArtMesh",
			"Id": "digit3top",
			"Value": "clock display"
		},
		{
			"Target": "ArtMesh",
			"Id": "digit3topright",
			"Value": "clock display"
		},
		{
			"Target": "ArtMesh",
			"Id": "digit3topleft",
			"Value": "clock display"
		},
		{
			"Target": "ArtMesh",
			"Id": "digit3center",
			"Value": "clock display"
		},
		{
			"Target": "ArtMesh",
			"Id": "digit3bottomright",
			"Value": "clock display"
		},
		{
			"Target": "ArtMesh",
			"Id": "digit3bottomleft",
			"Value": "clock display"
		},
		{
			"Target": "ArtMesh",
			"Id": "digit3bottom",
			"Value": "clock display"
		},
		{
			"Target": "ArtMesh",
			"Id": "digit2top",
			"Value": "clock display"
		},
		{
			"Target": "ArtMesh",
			"Id": "digit2topright",
			"Value": "clock display"
		},
		{
			"Target": "ArtMesh",
			"Id": "digit2topleft",
			"Value": "clock display"
		},
		{
			"Target": "ArtMesh",
			"Id": "digit2center",
			"Value": "clock display"
		},
		{
			"Target": "ArtMesh",
			"Id": "digit2bottomright",
			"Value": "clock display"
		},
		{
			"Target": "ArtMesh",
			"Id": "digit2bottomleft",
			"Value": "clock display"
		},
		{
			"Target": "ArtMesh",
			"Id": "digit2bottom",
			"Value": "clock display"
		},
		{
			"Target": "ArtMesh",
			"Id": "digit1top",
			"Value": "clock display"
		},
		{
			"Target": "ArtMesh",
			"Id": "digit1topright",
			"Value": "clock display"
		},
		{
			"Target": "ArtMesh",
			"Id": "digit1topleft",
			"Value": "clock display"
		},
		{
			"Target": "ArtMesh",
			"Id": "digit1center",
			"Value": "clock display"
		},
		{
			"Target": "ArtMesh",
			"Id": "digit1bottomright",
			"Value": "clock display"
		},
		{
			"Target": "ArtMesh",
			"Id": "digit1bottomleft",
			"Value": "clock display"
		},
		{
			"Target": "ArtMesh",
			"Id": "digit1bottom",
			"Value": "clock display"
		},
		{
			"Target": "ArtMesh",
			"Id": "semicolon",
			"Value": "clock display"
		},
		{
			"Target": "ArtMesh",
			"Id": "lcdBG",
			"Value": "clock display"
		},
		{
			"Target": "ArtMesh",
			"Id": "outline",
			"Value": "display"
		},
		{
			"Target": "ArtMesh",
			"Id": "Frame",
			"Value": "display"
		}
	]
}